-- phpMyAdmin SQL Dump
-- version 5.0.2
-- https://www.phpmyadmin.net/
--
-- Host: 127.0.0.1
-- Generation Time: Jul 13, 2020 at 01:51 AM
-- Server version: 10.4.13-MariaDB
-- PHP Version: 7.4.7

SET SQL_MODE = "NO_AUTO_VALUE_ON_ZERO";
START TRANSACTION;
SET time_zone = "+00:00";


/*!40101 SET @OLD_CHARACTER_SET_CLIENT=@@CHARACTER_SET_CLIENT */;
/*!40101 SET @OLD_CHARACTER_SET_RESULTS=@@CHARACTER_SET_RESULTS */;
/*!40101 SET @OLD_COLLATION_CONNECTION=@@COLLATION_CONNECTION */;
/*!40101 SET NAMES utf8mb4 */;

--
-- Database: `e-meeting`
--

-- --------------------------------------------------------

--
-- Table structure for table `meeting_department`
--

CREATE TABLE `meeting_department` (
  `id` int(11) NOT NULL,
  `department_name` varchar(225) NOT NULL
) ENGINE=InnoDB DEFAULT CHARSET=utf8mb4;

--
-- Dumping data for table `meeting_department`
--

INSERT INTO `meeting_department` (`id`, `department_name`) VALUES
(1, 'Department One'),
(2, 'Department Two'),
(3, 'Department Three'),
(4, 'Department Four');

-- --------------------------------------------------------

--
-- Table structure for table `meeting_users`
--

CREATE TABLE `meeting_users` (
  `id` int(11) NOT NULL,
  `uniqueid` varchar(64) NOT NULL,
  `name` varchar(128) NOT NULL,
  `email` varchar(128) NOT NULL,
  `image` varchar(128) NOT NULL,
  `password` varchar(256) NOT NULL,
  `role_id` int(11) NOT NULL,
  `is_active` int(1) NOT NULL,
  `department_id` int(11) NOT NULL,
  `date_created` int(11) NOT NULL,
  `date_updated` int(11) NOT NULL
) ENGINE=InnoDB DEFAULT CHARSET=utf8mb4;

--
-- Dumping data for table `meeting_users`
--

INSERT INTO `meeting_users` (`id`, `uniqueid`, `name`, `email`, `image`, `password`, `role_id`, `is_active`, `department_id`, `date_created`, `date_updated`) VALUES
(1, '5f0b44d082841', 'Hitler', 'admin@admin.com', 'baray.jpg', '$2y$10$H6FPL5z4LSovh5./FO88juj8n97jaBdL2HrENlLI/ssIUvXyjYCqm', 1, 1, 1, 1594594034, 1594574032),
(8, '5f0b5b181b087', 'kim jong un', 'user@user.com', '3.jpg', '$2y$10$/DLFkfbRVeZmpUqd3QSfGutnP.ZOSWj5gA9djipZsEBCecK608m7W', 2, 1, 3, 1594597197, 1594597362);

-- --------------------------------------------------------

--
-- Table structure for table `user_access_menu`
--

CREATE TABLE `user_access_menu` (
  `id` int(11) NOT NULL,
  `role_id` int(11) NOT NULL,
  `menu_id` int(11) NOT NULL
) ENGINE=InnoDB DEFAULT CHARSET=utf8mb4;

--
-- Dumping data for table `user_access_menu`
--

INSERT INTO `user_access_menu` (`id`, `role_id`, `menu_id`) VALUES
(1, 1, 1),
(2, 1, 2),
(3, 2, 2),
(4, 1, 3),
(10, 1, 18),
(11, 1, 5);

-- --------------------------------------------------------

--
-- Table structure for table `user_menu`
--

CREATE TABLE `user_menu` (
  `id` int(11) NOT NULL,
  `menu` varchar(128) NOT NULL
) ENGINE=InnoDB DEFAULT CHARSET=utf8mb4;

--
-- Dumping data for table `user_menu`
--

INSERT INTO `user_menu` (`id`, `menu`) VALUES
(1, 'Admin'),
(2, 'User'),
(3, 'Menu'),
(5, 'Account');

-- --------------------------------------------------------

--
-- Table structure for table `user_role`
--

CREATE TABLE `user_role` (
  `id` int(11) NOT NULL,
  `role` varchar(128) NOT NULL
) ENGINE=InnoDB DEFAULT CHARSET=utf8mb4;

--
-- Dumping data for table `user_role`
--

INSERT INTO `user_role` (`id`, `role`) VALUES
(1, 'Admin'),
(2, 'User');

-- --------------------------------------------------------

--
-- Table structure for table `user_sub_menu`
--

CREATE TABLE `user_sub_menu` (
  `id` int(11) NOT NULL,
  `menu_id` int(11) NOT NULL,
  `title` varchar(128) NOT NULL,
  `url` varchar(128) NOT NULL,
  `icon` varchar(128) NOT NULL,
  `is_active` int(1) NOT NULL
) ENGINE=InnoDB DEFAULT CHARSET=utf8mb4;

--
-- Dumping data for table `user_sub_menu`
--

INSERT INTO `user_sub_menu` (`id`, `menu_id`, `title`, `url`, `icon`, `is_active`) VALUES
(1, 1, 'Dashboard', 'admin', 'fas fa-fw fa-tachometer-alt', 1),
(2, 2, 'Profile', 'user', 'fas fa-fw fa-user', 1),
(3, 2, 'Edit Profile', 'user/edit', 'fas fa-fw fa-user-edit', 1),
(4, 3, 'Menu Management', 'menu', 'fas fa-fw fa-folder', 1),
(5, 3, 'SubMenu Management', 'menu/submenu', 'fas fa-fw fa-folder-open', 1),
(17, 1, 'Role', 'admin/role', 'fas fa-fw fa-user-tie', 1),
(18, 1, 'Account', 'account', 'fas fa-user-friends', 1);

-- --------------------------------------------------------

--
-- Stand-in structure for view `view_user_department`
-- (See below for the actual view)
--
CREATE TABLE `view_user_department` (
`id` int(11)
,`name` varchar(128)
,`email` varchar(128)
,`image` varchar(128)
,`password` varchar(256)
,`role_id` int(11)
,`is_active` int(1)
,`department_name` varchar(225)
,`date_created` int(11)
,`role` varchar(128)
,`department_id` int(11)
,`uniqueid` varchar(64)
,`date_updated` int(11)
);

-- --------------------------------------------------------

--
-- Structure for view `view_user_department`
--
DROP TABLE IF EXISTS `view_user_department`;

CREATE ALGORITHM=UNDEFINED DEFINER=`root`@`localhost` SQL SECURITY DEFINER VIEW `view_user_department`  AS  select `meeting_users`.`id` AS `id`,`meeting_users`.`name` AS `name`,`meeting_users`.`email` AS `email`,`meeting_users`.`image` AS `image`,`meeting_users`.`password` AS `password`,`meeting_users`.`role_id` AS `role_id`,`meeting_users`.`is_active` AS `is_active`,`meeting_department`.`department_name` AS `department_name`,`meeting_users`.`date_created` AS `date_created`,`user_role`.`role` AS `role`,`meeting_users`.`department_id` AS `department_id`,`meeting_users`.`uniqueid` AS `uniqueid`,`meeting_users`.`date_updated` AS `date_updated` from ((`meeting_users` join `meeting_department` on(`meeting_users`.`department_id` = `meeting_department`.`id`)) join `user_role` on(`meeting_users`.`role_id` = `user_role`.`id`)) ;

--
-- Indexes for dumped tables
--

--
-- Indexes for table `meeting_department`
--
ALTER TABLE `meeting_department`
  ADD PRIMARY KEY (`id`);

--
-- Indexes for table `meeting_users`
--
ALTER TABLE `meeting_users`
  ADD PRIMARY KEY (`id`);

--
-- Indexes for table `user_access_menu`
--
ALTER TABLE `user_access_menu`
  ADD PRIMARY KEY (`id`);

--
-- Indexes for table `user_menu`
--
ALTER TABLE `user_menu`
  ADD PRIMARY KEY (`id`);

--
-- Indexes for table `user_role`
--
ALTER TABLE `user_role`
  ADD PRIMARY KEY (`id`);

--
-- Indexes for table `user_sub_menu`
--
ALTER TABLE `user_sub_menu`
  ADD PRIMARY KEY (`id`);

--
-- AUTO_INCREMENT for dumped tables
--

--
-- AUTO_INCREMENT for table `meeting_department`
--
ALTER TABLE `meeting_department`
  MODIFY `id` int(11) NOT NULL AUTO_INCREMENT, AUTO_INCREMENT=5;

--
-- AUTO_INCREMENT for table `meeting_users`
--
ALTER TABLE `meeting_users`
  MODIFY `id` int(11) NOT NULL AUTO_INCREMENT, AUTO_INCREMENT=9;

--
-- AUTO_INCREMENT for table `user_access_menu`
--
ALTER TABLE `user_access_menu`
  MODIFY `id` int(11) NOT NULL AUTO_INCREMENT, AUTO_INCREMENT=12;

--
-- AUTO_INCREMENT for table `user_menu`
--
ALTER TABLE `user_menu`
  MODIFY `id` int(11) NOT NULL AUTO_INCREMENT, AUTO_INCREMENT=6;

--
-- AUTO_INCREMENT for table `user_role`
--
ALTER TABLE `user_role`
  MODIFY `id` int(11) NOT NULL AUTO_INCREMENT, AUTO_INCREMENT=3;

--
-- AUTO_INCREMENT for table `user_sub_menu`
--
ALTER TABLE `user_sub_menu`
  MODIFY `id` int(11) NOT NULL AUTO_INCREMENT, AUTO_INCREMENT=19;
COMMIT;

/*!40101 SET CHARACTER_SET_CLIENT=@OLD_CHARACTER_SET_CLIENT */;
/*!40101 SET CHARACTER_SET_RESULTS=@OLD_CHARACTER_SET_RESULTS */;
/*!40101 SET COLLATION_CONNECTION=@OLD_COLLATION_CONNECTION */;
